Account,Coin,Execution Price,Size Tokens,Size USD,Side,Timestamp IST,Start Position,Direction,Closed PnL,Transaction Hash,Order ID,Crossed,Fee,Trade ID,Timestamp,Date,timestamp,value,classification,Profitable,PnL_per_USD,Sentiment_Level,Day_of_Week,Volume_Category
0x4f93fead39b70a1824f981a54d4e55b278e9f760,ETH,3108.5,1.2372,3845.84,BUY,02-08-2024 00:00,113.2427,Open Long,0.0,0x074e925bf767bf4a5fc2040e825ba701ac00a2acccbf7d54834c2107d04e075d,31955561301,True,1.346042,94600000000000.0,1720000000000.0,2024-08-02,1722576600,57,Greed,False,0.0,Positive,Friday,High
0x4f93fead39b70a1824f981a54d4e55b278e9f760,ETH,3108.5,7.5,23313.75,BUY,02-08-2024 00:00,114.4799,Open Long,0.0,0x074e925bf767bf4a5fc2040e825ba701ac00a2acccbf7d54834c2107d04e075d,31955561301,True,8.159812,936000000000000.0,1720000000000.0,2024-08-02,1722576600,57,Greed,False,0.0,Positive,Friday,High
0x4f93fead39b70a1824f981a54d4e55b278e9f760,ETH,3108.6,1.3814,4294.22,BUY,02-08-2024 00:00,121.9799,Open Long,0.0,0x074e925bf767bf4a5fc2040e825ba701ac00a2acccbf7d54834c2107d04e075d,31955561301,True,1.502977,491000000000000.0,1720000000000.0,2024-08-02,1722576600,57,Greed,False,0.0,Positive,Friday,High
0x4f93fead39b70a1824f981a54d4e55b278e9f760,ETH,3108.6,0.6451,2005.36,BUY,02-08-2024 00:00,123.3613,Open Long,0.0,0x074e925bf767bf4a5fc2040e825ba701ac00a2acccbf7d54834c2107d04e075d,31955561301,True,0.701875,10100000000000.0,1720000000000.0,2024-08-02,1722576600,57,Greed,False,0.0,Positive,Friday,High
0x4f93fead39b70a1824f981a54d4e55b278e9f760,ETH,3108.7,7.2424,22514.45,BUY,02-08-2024 00:00,124.0064,Open Long,0.0,0x074e925bf767bf4a5fc2040e825ba701ac00a2acccbf7d54834c2107d04e075d,31955561301,True,7.880057,683000000000000.0,1720000000000.0,2024-08-02,1722576600,57,Greed,False,0.0,Positive,Friday,High
0x4f93fead39b70a1824f981a54d4e55b278e9f760,BTC,98978.0,0.70722,69999.22,SELL,26-12-2024 00:00,-2.86024,Open Short,0.0,0xf2277424bd60c8dcc24b0419fc0dc8020107008204c4e673fe073da5906057fa,58603057841,True,20.999766,54300000000000.0,1740000000000.0,2024-12-26,1735191000,79,Extreme Greed,False,0.0,Positive,Thursday,High
0x4f93fead39b70a1824f981a54d4e55b278e9f760,BTC,96762.0,0.20669,19999.74,SELL,23-02-2025 00:00,0.0,Open Short,0.0,0x6c3e584d1ccf916c5f09041e43b0b901dd00bea0241d334bb8fc8225cc0e74e6,74143860684,True,5.999921,1030000000000000.0,1740000000000.0,2025-02-23,1740288600,50,Neutral,False,0.0,Neutral,Sunday,High
0x75f7eeb85dc639d5e99c78f95393aa9a5f1170d4,kBONK,0.036103,42217.0,1524.16,SELL,05-03-2024 00:00,205063.0,Close Long,42.005915,0xb3182523339a8aec2c430407e4cb6f02035a00dd106d025916b8df726634b2f5,12004579591,False,-0.030483,85700000000000.0,1710000000000.0,2024-03-05,1709616600,90,Extreme Greed,True,0.027560042908880956,Positive,Tuesday,Medium
0x75f7eeb85dc639d5e99c78f95393aa9a5f1170d4,kBONK,0.036103,34571.0,1248.12,SELL,05-03-2024 00:00,162846.0,Close Long,34.398145,0xbd304bf61f6015e015e60407e4cb7201f8008dd66f5bd5f586381bd3bb424282,12004579591,False,-0.024962,95600000000000.0,1710000000000.0,2024-03-05,1709616600,90,Extreme Greed,True,0.02755996618914848,Positive,Tuesday,Medium
0x75f7eeb85dc639d5e99c78f95393aa9a5f1170d4,kBONK,0.036103,55400.0,2000.11,SELL,05-03-2024 00:00,128275.0,Close Long,55.123,0xd7ac5cafc07cc5aa8fc20407e4cb75020403010105782594a8b03d4eb0f7dd8d,12004579591,False,-0.040002,508000000000000.0,1710000000000.0,2024-03-05,1709616600,90,Extreme Greed,True,0.027559984200868953,Positive,Tuesday,High
0x75f7eeb85dc639d5e99c78f95393aa9a5f1170d4,kBONK,0.036103,9144.0,330.13,SELL,05-03-2024 00:00,72875.0,Close Long,9.09828,0x7379a38c167913733b540407e4cb75020579002d0e53839e58b84d490583e2c9,12004579591,False,-0.006602,1110000000000000.0,1710000000000.0,2024-03-05,1709616600,90,Extreme Greed,True,0.027559688607518253,Positive,Tuesday,Medium
0x75f7eeb85dc639d5e99c78f95393aa9a5f1170d4,kBONK,0.036103,63731.0,2300.88,SELL,05-03-2024 00:00,63731.0,Close Long,63.412345,0xe800043cfec4007e67160407e4cb7601c800b94c7bc292a73631901a75433b2f,12004579591,False,-0.046017,308000000000000.0,1710000000000.0,2024-03-05,1709616600,90,Extreme Greed,True,0.02756004007162477,Positive,Tuesday,High
0x75f7eeb85dc639d5e99c78f95393aa9a5f1170d4,JELLY,0.0059,6166931.0,36384.89,BUY,18-02-2025 00:00,0.0,Open Long,0.0,0x4bdf93057376ff5dbe7c041df26fb502022d000f14dc88c647c43414a2a6aa57,72962561068,False,3.492949,671000000000000.0,1740000000000.0,2025-02-18,1739856600,47,Neutral,False,0.0,Neutral,Tuesday,High
0xb1231a4a2dd02f2276fa3c5e2a2f3436e6bfed23,BTC,46535.0,0.0317,1475.16,BUY,11-01-2024 00:00,0.0,Open Long,0.0,0x0004ae8e41eaab295eec040716d18501f400ce966f83da1366b8d5b8a65fecfa,6729928040,True,0.368789,893000000000000.0,1700000000000.0,2024-01-11,1704951000,76,Extreme Greed,False,0.0,Positive,Thursday,Medium
0xb1231a4a2dd02f2276fa3c5e2a2f3436e6bfed23,BTC,46543.0,0.50556,23530.28,BUY,11-01-2024 00:00,0.0317,Open Long,0.0,0x0004ae8e41eaab295eec040716d18501f400ce966f83da1366b8d5b8a65fecfa,6729928040,True,5.882569,801000000000000.0,1700000000000.0,2024-01-11,1704951000,76,Extreme Greed,False,0.0,Positive,Thursday,High
0xb1231a4a2dd02f2276fa3c5e2a2f3436e6bfed23,ETH,2433.6,0.75,1825.2,SELL,11-01-2024 00:00,0.0,Open Short,0.0,0xbc675ce27939e47d3632040716d1ab02017c0098c31087a658b547dd74618c34,6729948800,True,0.4563,877000000000000.0,1700000000000.0,2024-01-11,1704951000,76,Extreme Greed,False,0.0,Positive,Thursday,Medium
0xb1231a4a2dd02f2276fa3c5e2a2f3436e6bfed23,ETH,2433.4,9.5203,23166.7,SELL,11-01-2024 00:00,-0.75,Open Short,0.0,0xbc675ce27939e47d3632040716d1ab02017c0098c31087a658b547dd74618c34,6729948800,True,5.791674,531000000000000.0,1700000000000.0,2024-01-11,1704951000,76,Extreme Greed,False,0.0,Positive,Thursday,High
0xb1231a4a2dd02f2276fa3c5e2a2f3436e6bfed23,BTC,41697.0,0.00149,62.13,BUY,22-01-2024 00:00,-1.20143,Close Short,-0.123521,0xdaf01d746ac3146b4be9040741d6040131007c30ef8578132a17b92ec5cb552d,7679881980,True,0.015532,1110000000000000.0,1710000000000.0,2024-01-22,1705901400,55,Greed,False,-0.0019881055850635766,Positive,Monday,Low
0xb1231a4a2dd02f2276fa3c5e2a2f3436e6bfed23,BTC,41697.0,0.00153,63.8,BUY,22-01-2024 00:00,-1.19994,Close Short,-0.126837,0xdaf01d746ac3146b4be9040741d6040131007c30ef8578132a17b92ec5cb552d,7679881980,True,0.015949,479000000000000.0,1710000000000.0,2024-01-22,1705901400,55,Greed,False,-0.001988040752351097,Positive,Monday,Low
0xb1231a4a2dd02f2276fa3c5e2a2f3436e6bfed23,BTC,41697.0,1.19841,49970.1,BUY,22-01-2024 00:00,-1.19841,Close Short,-99.348189,0xdaf01d746ac3146b4be9040741d6040131007c30ef8578132a17b92ec5cb552d,7679881980,True,12.492525,931000000000000.0,1710000000000.0,2024-01-22,1705901400,55,Greed,False,-0.0019881526953117964,Positive,Monday,High
0xb1231a4a2dd02f2276fa3c5e2a2f3436e6bfed23,ETH,2479.3,0.7849,1946.0,SELL,22-01-2024 00:00,20.3339,Close Long,15.85498,0x177226976e740be05409040741d607016c00cd67c519c737d6423452408dddbe,7679882721,True,0.4865,852000000000000.0,1710000000000.0,2024-01-22,1705901400,55,Greed,True,0.008147471736896197,Positive,Monday,High
0xb1231a4a2dd02f2276fa3c5e2a2f3436e6bfed23,ETH,2479.3,0.0259,64.21,SELL,22-01-2024 00:00,19.549,Close Long,0.52318,0x177226976e740be05409040741d607016c00cd67c519c737d6423452408dddbe,7679882721,True,0.016053,234000000000000.0,1710000000000.0,2024-01-22,1705901400,55,Greed,True,0.00814795203239371,Positive,Monday,Low
0xb1231a4a2dd02f2276fa3c5e2a2f3436e6bfed23,ETH,2479.2,0.012,29.75,SELL,22-01-2024 00:00,19.5231,Close Long,0.2412,0x177226976e740be05409040741d607016c00cd67c519c737d6423452408dddbe,7679882721,True,0.007437,760000000000000.0,1710000000000.0,2024-01-22,1705901400,55,Greed,True,0.008107563025210084,Positive,Monday,Low
0xb1231a4a2dd02f2276fa3c5e2a2f3436e6bfed23,ETH,2479.2,1.0266,2545.15,SELL,22-01-2024 00:00,19.5111,Close Long,20.63466,0x177226976e740be05409040741d607016c00cd67c519c737d6423452408dddbe,7679882721,True,0.636286,554000000000000.0,1710000000000.0,2024-01-22,1705901400,55,Greed,True,0.008107443569141308,Positive,Monday,High
0xb1231a4a2dd02f2276fa3c5e2a2f3436e6bfed23,ETH,2479.1,0.01,24.79,SELL,22-01-2024 00:00,18.4845,Close Long,0.2,0x177226976e740be05409040741d607016c00cd67c519c737d6423452408dddbe,7679882721,True,0.006197,883000000000000.0,1710000000000.0,2024-01-22,1705901400,55,Greed,True,0.008067769261799113,Positive,Monday,Low
0xb1231a4a2dd02f2276fa3c5e2a2f3436e6bfed23,ETH,2479.1,18.4745,45800.13,SELL,22-01-2024 00:00,18.4745,Close Long,369.49,0x177226976e740be05409040741d607016c00cd67c519c737d6423452408dddbe,7679882721,True,11.450033,763000000000000.0,1710000000000.0,2024-01-22,1705901400,55,Greed,True,0.008067444350048789,Positive,Monday,High
0xb1231a4a2dd02f2276fa3c5e2a2f3436e6bfed23,SUSHI,1.1648,18.5,21.55,BUY,22-01-2024 00:00,-1905.1,Close Short,-2.13083,0x0bfd85bd4a3d94e2ca2e040741d614011b00c9a328a3b150ecee4d1e7a57d2e5,7679885837,True,0.005387,1080000000000000.0,1710000000000.0,2024-01-22,1705901400,55,Greed,False,-0.0988784222737819,Positive,Monday,Low
0xb1231a4a2dd02f2276fa3c5e2a2f3436e6bfed23,SUSHI,1.1649,24.5,28.54,BUY,22-01-2024 00:00,-1886.6,Close Short,-2.82436,0x0bfd85bd4a3d94e2ca2e040741d614011b00c9a328a3b150ecee4d1e7a57d2e5,7679885837,True,0.007135,182000000000000.0,1710000000000.0,2024-01-22,1705901400,55,Greed,False,-0.09896145760336371,Positive,Monday,Low
0xb1231a4a2dd02f2276fa3c5e2a2f3436e6bfed23,SUSHI,1.1649,1862.1,2169.16,BUY,22-01-2024 00:00,-1862.1,Close Short,-214.662888,0x0bfd85bd4a3d94e2ca2e040741d614011b00c9a328a3b150ecee4d1e7a57d2e5,7679885837,True,0.54229,1050000000000000.0,1710000000000.0,2024-01-22,1705901400,55,Greed,False,-0.09896129746076823,Positive,Monday,High
0xb1231a4a2dd02f2276fa3c5e2a2f3436e6bfed23,RLB,0.11548,5052.0,583.4,BUY,22-01-2024 00:00,-7952.0,Close Short,48.969036,0x4c8fba1d3f989952a5e4040741d62b016a002d9e33b5d44af5e80f713928ff0b,7679893841,True,0.145851,1040000000000000.0,1710000000000.0,2024-01-22,1705901400,55,Greed,True,0.08393732601988345,Positive,Monday,Medium
0xb1231a4a2dd02f2276fa3c5e2a2f3436e6bfed23,RLB,0.11587,2900.0,336.02,BUY,22-01-2024 00:00,-2900.0,Close Short,26.9787,0x4c8fba1d3f989952a5e4040741d62b016a002d9e33b5d44af5e80f713928ff0b,7679893841,True,0.084005,651000000000000.0,1710000000000.0,2024-01-22,1705901400,55,Greed,True,0.08028897089458961,Positive,Monday,Medium
0xb1231a4a2dd02f2276fa3c5e2a2f3436e6bfed23,UNI,6.4632,316.6,2046.25,SELL,22-01-2024 00:00,316.6,Close Long,45.71704,0x19c74486ee3e95769f1f040741d63301020003380227b2d1217cfd03f415adc6,7679895278,True,0.511562,799000000000000.0,1710000000000.0,2024-01-22,1705901400,55,Greed,True,0.02234186438607208,Positive,Monday,High
0xb1231a4a2dd02f2276fa3c5e2a2f3436e6bfed23,HYPE,15.563,0.1,1.56,BUY,07-03-2025 00:00,4601.02,Open Long,0.0,0x10a4cf0273b5e00e29c9041f08e73f01d600e640f8104ae5084e22a881aed8fc,77726746772,True,0.000544,500000000000000.0,1740000000000.0,2025-03-07,1741325400,34,Fear,False,0.0,Negative,Friday,Low
0xb1231a4a2dd02f2276fa3c5e2a2f3436e6bfed23,HYPE,15.572,36.81,573.21,BUY,07-03-2025 00:00,4601.12,Open Long,0.0,0x10a4cf0273b5e00e29c9041f08e73f01d600e640f8104ae5084e22a881aed8fc,77726746772,True,0.200621,193000000000000.0,1740000000000.0,2025-03-07,1741325400,34,Fear,False,0.0,Negative,Friday,Medium
0xb1231a4a2dd02f2276fa3c5e2a2f3436e6bfed23,HYPE,15.572,122.86,1913.18,BUY,07-03-2025 00:00,4637.93,Open Long,0.0,0x10a4cf0273b5e00e29c9041f08e73f01d600e640f8104ae5084e22a881aed8fc,77726746772,True,0.669611,341000000000000.0,1740000000000.0,2025-03-07,1741325400,34,Fear,False,0.0,Negative,Friday,High
0xb1231a4a2dd02f2276fa3c5e2a2f3436e6bfed23,HYPE,15.573,122.86,1913.3,BUY,07-03-2025 00:00,4760.79,Open Long,0.0,0x10a4cf0273b5e00e29c9041f08e73f01d600e640f8104ae5084e22a881aed8fc,77726746772,True,0.669654,799000000000000.0,1740000000000.0,2025-03-07,1741325400,34,Fear,False,0.0,Negative,Friday,High
0xb1231a4a2dd02f2276fa3c5e2a2f3436e6bfed23,HYPE,15.573,64.21,999.94,BUY,07-03-2025 00:00,4883.65,Open Long,0.0,0x10a4cf0273b5e00e29c9041f08e73f01d600e640f8104ae5084e22a881aed8fc,77726746772,True,0.349979,918000000000000.0,1740000000000.0,2025-03-07,1741325400,34,Fear,False,0.0,Negative,Friday,Medium
0xb1231a4a2dd02f2276fa3c5e2a2f3436e6bfed23,HYPE,15.575,36.81,573.32,BUY,07-03-2025 00:00,4947.86,Open Long,0.0,0x10a4cf0273b5e00e29c9041f08e73f01d600e640f8104ae5084e22a881aed8fc,77726746772,True,0.20066,566000000000000.0,1740000000000.0,2025-03-07,1741325400,34,Fear,False,0.0,Negative,Friday,Medium
0xb1231a4a2dd02f2276fa3c5e2a2f3436e6bfed23,HYPE,15.575,36.81,573.32,BUY,07-03-2025 00:00,4984.67,Open Long,0.0,0x10a4cf0273b5e00e29c9041f08e73f01d600e640f8104ae5084e22a881aed8fc,77726746772,True,0.20066,445000000000000.0,1740000000000.0,2025-03-07,1741325400,34,Fear,False,0.0,Negative,Friday,Medium
0xb1231a4a2dd02f2276fa3c5e2a2f3436e6bfed23,HYPE,15.577,12.83,199.85,BUY,07-03-2025 00:00,5021.48,Open Long,0.0,0x10a4cf0273b5e00e29c9041f08e73f01d600e640f8104ae5084e22a881aed8fc,77726746772,True,0.069948,415000000000000.0,1740000000000.0,2025-03-07,1741325400,34,Fear,False,0.0,Negative,Friday,Low
0xb1231a4a2dd02f2276fa3c5e2a2f3436e6bfed23,HYPE,15.578,32.09,499.9,BUY,07-03-2025 00:00,5034.31,Open Long,0.0,0x10a4cf0273b5e00e29c9041f08e73f01d600e640f8104ae5084e22a881aed8fc,77726746772,True,0.174964,755000000000000.0,1740000000000.0,2025-03-07,1741325400,34,Fear,False,0.0,Negative,Friday,Medium
0xb1231a4a2dd02f2276fa3c5e2a2f3436e6bfed23,HYPE,15.578,128.97,2009.09,BUY,07-03-2025 00:00,5066.4,Open Long,0.0,0x10a4cf0273b5e00e29c9041f08e73f01d600e640f8104ae5084e22a881aed8fc,77726746772,True,0.703183,951000000000000.0,1740000000000.0,2025-03-07,1741325400,34,Fear,False,0.0,Negative,Friday,High
0xb1231a4a2dd02f2276fa3c5e2a2f3436e6bfed23,HYPE,15.578,128.97,2009.09,BUY,07-03-2025 00:00,5195.37,Open Long,0.0,0x10a4cf0273b5e00e29c9041f08e73f01d600e640f8104ae5084e22a881aed8fc,77726746772,True,0.703183,648000000000000.0,1740000000000.0,2025-03-07,1741325400,34,Fear,False,0.0,Negative,Friday,High
0xb1231a4a2dd02f2276fa3c5e2a2f3436e6bfed23,HYPE,15.579,108.93,1697.02,BUY,07-03-2025 00:00,5324.34,Open Long,0.0,0x10a4cf0273b5e00e29c9041f08e73f01d600e640f8104ae5084e22a881aed8fc,77726746772,True,0.593957,1100000000000000.0,1740000000000.0,2025-03-07,1741325400,34,Fear,False,0.0,Negative,Friday,Medium
0xb1231a4a2dd02f2276fa3c5e2a2f3436e6bfed23,HYPE,15.579,1.25,19.47,BUY,07-03-2025 00:00,5433.27,Open Long,0.0,0x10a4cf0273b5e00e29c9041f08e73f01d600e640f8104ae5084e22a881aed8fc,77726746772,True,0.006815,293000000000000.0,1740000000000.0,2025-03-07,1741325400,34,Fear,False,0.0,Negative,Friday,Low
0xb1231a4a2dd02f2276fa3c5e2a2f3436e6bfed23,HYPE,15.579,128.97,2009.22,BUY,07-03-2025 00:00,5434.52,Open Long,0.0,0x10a4cf0273b5e00e29c9041f08e73f01d600e640f8104ae5084e22a881aed8fc,77726746772,True,0.703228,229000000000000.0,1740000000000.0,2025-03-07,1741325400,34,Fear,False,0.0,Negative,Friday,High
0xb1231a4a2dd02f2276fa3c5e2a2f3436e6bfed23,HYPE,15.579,36.81,573.46,BUY,07-03-2025 00:00,5563.49,Open Long,0.0,0x10a4cf0273b5e00e29c9041f08e73f01d600e640f8104ae5084e22a881aed8fc,77726746772,True,0.200712,590000000000000.0,1740000000000.0,2025-03-07,1741325400,34,Fear,False,0.0,Negative,Friday,Medium
0xb1231a4a2dd02f2276fa3c5e2a2f3436e6bfed23,HYPE,15.58,122.86,1914.16,BUY,07-03-2025 00:00,5600.3,Open Long,0.0,0x10a4cf0273b5e00e29c9041f08e73f01d600e640f8104ae5084e22a881aed8fc,77726746772,True,0.669955,132000000000000.0,1740000000000.0,2025-03-07,1741325400,34,Fear,False,0.0,Negative,Friday,High
0xb1231a4a2dd02f2276fa3c5e2a2f3436e6bfed23,HYPE,15.58,3.0,46.74,BUY,07-03-2025 00:00,5723.16,Open Long,0.0,0x10a4cf0273b5e00e29c9041f08e73f01d600e640f8104ae5084e22a881aed8fc,77726746772,True,0.016359,136000000000000.0,1740000000000.0,2025-03-07,1741325400,34,Fear,False,0.0,Negative,Friday,Low
0xb1231a4a2dd02f2276fa3c5e2a2f3436e6bfed23,HYPE,15.581,30.7,478.34,BUY,07-03-2025 00:00,5726.16,Open Long,0.0,0x10a4cf0273b5e00e29c9041f08e73f01d600e640f8104ae5084e22a881aed8fc,77726746772,True,0.167417,424000000000000.0,1740000000000.0,2025-03-07,1741325400,34,Fear,False,0.0,Negative,Friday,Medium
0xb1231a4a2dd02f2276fa3c5e2a2f3436e6bfed23,HYPE,15.582,1.29,20.1,BUY,07-03-2025 00:00,5756.86,Open Long,0.0,0x10a4cf0273b5e00e29c9041f08e73f01d600e640f8104ae5084e22a881aed8fc,77726746772,True,0.007035,683000000000000.0,1740000000000.0,2025-03-07,1741325400,34,Fear,False,0.0,Negative,Friday,Low
0xb1231a4a2dd02f2276fa3c5e2a2f3436e6bfed23,HYPE,15.582,36.81,573.57,BUY,07-03-2025 00:00,5758.15,Open Long,0.0,0x10a4cf0273b5e00e29c9041f08e73f01d600e640f8104ae5084e22a881aed8fc,77726746772,True,0.20075,368000000000000.0,1740000000000.0,2025-03-07,1741325400,34,Fear,False,0.0,Negative,Friday,Medium
0xb1231a4a2dd02f2276fa3c5e2a2f3436e6bfed23,HYPE,15.583,1.23,19.17,BUY,07-03-2025 00:00,5794.96,Open Long,0.0,0x10a4cf0273b5e00e29c9041f08e73f01d600e640f8104ae5084e22a881aed8fc,77726746772,True,0.006708,84700000000000.0,1740000000000.0,2025-03-07,1741325400,34,Fear,False,0.0,Negative,Friday,Low
0xb1231a4a2dd02f2276fa3c5e2a2f3436e6bfed23,HYPE,15.583,68.43,1066.34,BUY,07-03-2025 00:00,5796.19,Open Long,0.0,0x10a4cf0273b5e00e29c9041f08e73f01d600e640f8104ae5084e22a881aed8fc,77726746772,True,0.37322,353000000000000.0,1740000000000.0,2025-03-07,1741325400,34,Fear,False,0.0,Negative,Friday,Medium
0xb1231a4a2dd02f2276fa3c5e2a2f3436e6bfed23,HYPE,15.585,36.81,573.68,BUY,07-03-2025 00:00,5864.62,Open Long,0.0,0x10a4cf0273b5e00e29c9041f08e73f01d600e640f8104ae5084e22a881aed8fc,77726746772,True,0.200789,528000000000000.0,1740000000000.0,2025-03-07,1741325400,34,Fear,False,0.0,Negative,Friday,Medium
0xb1231a4a2dd02f2276fa3c5e2a2f3436e6bfed23,HYPE,15.585,19.32,301.1,BUY,07-03-2025 00:00,5901.43,Open Long,0.0,0x10a4cf0273b5e00e29c9041f08e73f01d600e640f8104ae5084e22a881aed8fc,77726746772,True,0.105385,177000000000000.0,1740000000000.0,2025-03-07,1741325400,34,Fear,False,0.0,Negative,Friday,Low
0xb1231a4a2dd02f2276fa3c5e2a2f3436e6bfed23,HYPE,15.585,1.35,21.04,BUY,07-03-2025 00:00,5920.75,Open Long,0.0,0x10a4cf0273b5e00e29c9041f08e73f01d600e640f8104ae5084e22a881aed8fc,77726746772,True,0.007363,1040000000000000.0,1740000000000.0,2025-03-07,1741325400,34,Fear,False,0.0,Negative,Friday,Low
0xb1231a4a2dd02f2276fa3c5e2a2f3436e6bfed23,HYPE,15.586,122.86,1914.9,BUY,07-03-2025 00:00,5922.1,Open Long,0.0,0x10a4cf0273b5e00e29c9041f08e73f01d600e640f8104ae5084e22a881aed8fc,77726746772,True,0.670213,38000000000000.0,1740000000000.0,2025-03-07,1741325400,34,Fear,False,0.0,Negative,Friday,High
0xb1231a4a2dd02f2276fa3c5e2a2f3436e6bfed23,HYPE,15.586,122.51,1909.44,BUY,07-03-2025 00:00,6044.96,Open Long,0.0,0x10a4cf0273b5e00e29c9041f08e73f01d600e640f8104ae5084e22a881aed8fc,77726746772,True,0.668304,483000000000000.0,1740000000000.0,2025-03-07,1741325400,34,Fear,False,0.0,Negative,Friday,Medium
0xb1231a4a2dd02f2276fa3c5e2a2f3436e6bfed23,HYPE,15.586,29.61,461.5,BUY,07-03-2025 00:00,6167.47,Open Long,0.0,0x10a4cf0273b5e00e29c9041f08e73f01d600e640f8104ae5084e22a881aed8fc,77726746772,True,0.161525,656000000000000.0,1740000000000.0,2025-03-07,1741325400,34,Fear,False,0.0,Negative,Friday,Medium
0xb1231a4a2dd02f2276fa3c5e2a2f3436e6bfed23,HYPE,15.586,50.0,779.3,BUY,07-03-2025 00:00,6197.08,Open Long,0.0,0x10a4cf0273b5e00e29c9041f08e73f01d600e640f8104ae5084e22a881aed8fc,77726746772,True,0.272755,472000000000000.0,1740000000000.0,2025-03-07,1741325400,34,Fear,False,0.0,Negative,Friday,Medium
0xb1231a4a2dd02f2276fa3c5e2a2f3436e6bfed23,HYPE,15.587,307.14,4787.39,BUY,07-03-2025 00:00,6247.08,Open Long,0.0,0x10a4cf0273b5e00e29c9041f08e73f01d600e640f8104ae5084e22a881aed8fc,77726746772,True,1.675586,808000000000000.0,1740000000000.0,2025-03-07,1741325400,34,Fear,False,0.0,Negative,Friday,High
0xb1231a4a2dd02f2276fa3c5e2a2f3436e6bfed23,HYPE,15.587,188.12,2932.23,BUY,07-03-2025 00:00,6554.22,Open Long,0.0,0x10a4cf0273b5e00e29c9041f08e73f01d600e640f8104ae5084e22a881aed8fc,77726746772,True,1.026279,629000000000000.0,1740000000000.0,2025-03-07,1741325400,34,Fear,False,0.0,Negative,Friday,High
0xbaaaf6571ab7d571043ff1e313a9609a10637864,HYPE,13.002,188.19,2446.85,SELL,14-03-2025 00:00,180607.46,Close Long,7.508781,0x9ec3182d3e4e961dd82a041f7cea14018c005c195a423e3572629757b69f2509,79575525409,False,0.0,119000000000000.0,1740000000000.0,2025-03-14,1741930200,27,Fear,True,0.0030687541124302677,Negative,Friday,High
0xbaaaf6571ab7d571043ff1e313a9609a10637864,HYPE,13.002,209.77,2727.43,SELL,14-03-2025 00:00,180419.27,Close Long,8.369823,0x0e32a50fd360d74b531b041f7cea2401b00054c3d21fe77492338d64968e0de4,79575525409,False,0.0,207000000000000.0,1740000000000.0,2025-03-14,1741930200,27,Fear,True,0.003068758134947552,Negative,Friday,High
0xbaaaf6571ab7d571043ff1e313a9609a10637864,HYPE,13.002,170.52,2217.1,SELL,14-03-2025 00:00,180209.5,Close Long,6.803748,0x0000000000000000000000000000000000000000000000000000000000000000,79575525409,False,0.0,1020000000000000.0,1740000000000.0,2025-03-14,1741930200,27,Fear,True,0.003068760092012088,Negative,Friday,High
0xbaaaf6571ab7d571043ff1e313a9609a10637864,HYPE,13.002,156.72,2037.67,SELL,14-03-2025 00:00,180038.98,Close Long,6.253128,0xc323971d91716dc77921041f7cea6e01ee00eacd802734df3ab816166938661c,79575525409,False,0.0,6010000000000.0,1740000000000.0,2025-03-14,1741930200,27,Fear,True,0.003068763833201647,Negative,Friday,High
0xbaaaf6571ab7d571043ff1e313a9609a10637864,HYPE,13.002,706.32,9183.57,SELL,14-03-2025 00:00,179882.26,Close Long,28.182168,0x672560f782e0f5eb1b66041f7cea8d018600f33f46e960f501a35a8550116670,79575525409,False,0.0,189000000000000.0,1740000000000.0,2025-03-14,1741930200,27,Fear,True,0.0030687595346907577,Negative,Friday,High
0xbaaaf6571ab7d571043ff1e313a9609a10637864,HYPE,13.002,321.71,4182.87,SELL,14-03-2025 00:00,179175.94,Close Long,12.836229,0xccc5fe5eda03f29a5240041f7ceaa80201f0009f4db9f03b6d9104b66da72974,79575525409,False,0.0,222000000000000.0,1740000000000.0,2025-03-14,1741930200,27,Fear,True,0.00306876116159479,Negative,Friday,High
0xbaaaf6571ab7d571043ff1e313a9609a10637864,HYPE,13.004,269.36,3502.76,SELL,14-03-2025 00:00,178854.23,Close Long,11.286184,0x36c2294ce17e65bd2e47041f7cead002011a009d7a9110eca4700b075374ecfd,79575525410,False,0.0,563000000000000.0,1740000000000.0,2025-03-14,1741930200,27,Fear,True,0.0032220831572816865,Negative,Friday,High
0xbaaaf6571ab7d571043ff1e313a9609a10637864,HYPE,13.004,37.42,486.61,SELL,14-03-2025 00:00,178584.87,Close Long,1.567898,0x3b6bb617a7e2fb6c3b5d041f7ceadc02015800fb32d1a27c1b15113cf889bd19,79575525410,False,0.0,159000000000000.0,1740000000000.0,2025-03-14,1741930200,27,Fear,True,0.0032220833932718193,Negative,Friday,Medium
0xbaaaf6571ab7d571043ff1e313a9609a10637864,HYPE,13.004,147.08,1912.63,SELL,14-03-2025 00:00,178547.45,Close Long,6.162652,0x9057b8dd21711a70338d041f7ceb0102029a002a8bef1bc525aa10c133446987,79575525410,False,0.0,142000000000000.0,1740000000000.0,2025-03-14,1741930200,27,Fear,True,0.003222082681961487,Negative,Friday,High
0xbaaaf6571ab7d571043ff1e313a9609a10637864,HYPE,13.004,61.76,803.13,SELL,14-03-2025 00:00,178400.37,Close Long,2.587744,0x0000000000000000000000000000000000000000000000000000000000000000,79575525410,False,0.0,129000000000000.0,1740000000000.0,2025-03-14,1741930200,27,Fear,True,0.0032220736368956454,Negative,Friday,Medium
0xa0feb3725a9335f49874d7cd8eaad6be45b27416,HYPE,26.778,37.32,999.35,BUY,18-12-2024 00:00,92.72,Open Long,0.0,0xf9eafb8fff8854360eb3041979708001d9008cc2dfa54110423332731c49433b,56071746874,False,0.049967,434000000000000.0,1730000000000.0,2024-12-18,1734499800,81,Extreme Greed,False,0.0,Positive,Wednesday,Medium
0xa0feb3725a9335f49874d7cd8eaad6be45b27416,HYPE,26.778,10.0,267.78,BUY,18-12-2024 00:00,130.04,Open Long,0.0,0xc2b70b5d400670875e4c04197970920201470001cfb0010c621fc657b1d0deb9,56071746874,False,0.013389,1070000000000000.0,1730000000000.0,2024-12-18,1734499800,81,Extreme Greed,False,0.0,Positive,Wednesday,Low
0xa0feb3725a9335f49874d7cd8eaad6be45b27416,HYPE,26.778,24.32,651.24,BUY,18-12-2024 00:00,140.04,Open Long,0.0,0xb69413828998f46698ea041979709202014e00c99a07892483fb333b34331ef5,56071746874,False,0.032562,360000000000000.0,1730000000000.0,2024-12-18,1734499800,81,Extreme Greed,False,0.0,Positive,Wednesday,Medium
0xa0feb3725a9335f49874d7cd8eaad6be45b27416,HYPE,29.933,24.52,733.96,BUY,21-12-2024 00:00,1509.03,Open Long,0.0,0x0000000000000000000000000000000000000000000000000000000000000000,57144446135,False,0.036697,465000000000000.0,1730000000000.0,2024-12-21,1734759000,73,Greed,False,0.0,Positive,Saturday,Medium
0xa0feb3725a9335f49874d7cd8eaad6be45b27416,HYPE,29.933,54.54,1632.55,BUY,21-12-2024 00:00,1533.55,Open Long,0.0,0x0000000000000000000000000000000000000000000000000000000000000000,57144446135,False,0.081627,443000000000000.0,1730000000000.0,2024-12-21,1734759000,73,Greed,False,0.0,Positive,Saturday,Medium
0xa0feb3725a9335f49874d7cd8eaad6be45b27416,BTC,96152.0,0.01951,1875.93,BUY,07-02-2025 00:00,2.05839,Open Long,0.0,0x5075158c8273524c967e041d436e30019700a518a804962adcf8c9047f83ee89,69718034433,False,0.187592,278000000000000.0,1740000000000.0,2025-02-07,1738906200,44,Fear,False,0.0,Negative,Friday,Medium
0xa0feb3725a9335f49874d7cd8eaad6be45b27416,HYPE,26.322,8.45,222.42,BUY,17-02-2025 00:00,30.59,Open Long,0.0,0x2fef3dec3a6a0dbc8f1a041de235f00201b500ae465a7354eecd0b8a9db811a0,72722694207,False,0.011121,203000000000000.0,1740000000000.0,2025-02-17,1739770200,51,Neutral,False,0.0,Neutral,Monday,Low
0xa0feb3725a9335f49874d7cd8eaad6be45b27416,HYPE,26.303,8.85,232.78,BUY,17-02-2025 00:00,39.04,Open Long,0.0,0xa071785e3377c71a8c63041de236150201a7001f3f3a360b8ae064d01a779dc9,72722694208,False,0.011639,124000000000000.0,1740000000000.0,2025-02-17,1739770200,51,Neutral,False,0.0,Neutral,Monday,Low
0xa0feb3725a9335f49874d7cd8eaad6be45b27416,HYPE,26.284,9.25,243.13,BUY,17-02-2025 00:00,47.89,Open Long,0.0,0xef59f6b59dd700d7f50c041de2361d0201e500a12ce32652cdcac2b55dd39ed4,72722694209,False,0.012156,894000000000000.0,1740000000000.0,2025-02-17,1739770200,51,Neutral,False,0.0,Neutral,Monday,Low
0xa0feb3725a9335f49874d7cd8eaad6be45b27416,HYPE,26.265,9.65,253.46,BUY,17-02-2025 00:00,57.14,Open Long,0.0,0xd0fb7aaf89f5f8e85d32041de2362b01cb0016dc4fc1293974a9f5af7ce5b114,72722694210,False,0.012672,1050000000000000.0,1740000000000.0,2025-02-17,1739770200,51,Neutral,False,0.0,Neutral,Monday,Low
0xa0feb3725a9335f49874d7cd8eaad6be45b27416,HYPE,26.246,10.06,264.03,BUY,17-02-2025 00:00,66.79,Open Long,0.0,0xd0fb7aaf89f5f8e85d32041de2362b01cb0016dc4fc1293974a9f5af7ce5b114,72722694211,False,0.013201,584000000000000.0,1740000000000.0,2025-02-17,1739770200,51,Neutral,False,0.0,Neutral,Monday,Low
0xa0feb3725a9335f49874d7cd8eaad6be45b27416,HYPE,26.227,10.46,274.33,BUY,17-02-2025 00:00,76.85,Open Long,0.0,0x222cbbb73f048cc47ea7041de2374e0203e300f497ba1922bd3ad72009e170f8,72722694212,False,0.013716,872000000000000.0,1740000000000.0,2025-02-17,1739770200,51,Neutral,False,0.0,Neutral,Monday,Low
0x8477e447846c758f5a675856001ea72298fd9cb5,TNSR,1.36,163.2,221.95,BUY,03-06-2024 00:00,-5630.5,Close Short,6.028608,0x2e6f52db1b56834f6c31040a86d3ba0119004e0bcf40e220b2767b34665dcf6d,24741216519,False,0.022195,359000000000000.0,1720000000000.0,2024-06-03,1717392600,73,Greed,True,0.02716200946159045,Positive,Monday,Low
0x8477e447846c758f5a675856001ea72298fd9cb5,BTC,69082.0,0.08047,5559.03,BUY,08-06-2024 00:00,0.0,Open Long,0.0,0xa43aafcac1f6a8f234a6040aea9f3002013c001d49ea6002731bb1fb4cc2851e,25284473991,True,1.945659,885000000000000.0,1720000000000.0,2024-06-08,1717824600,72,Greed,False,0.0,Positive,Saturday,High
0x8477e447846c758f5a675856001ea72298fd9cb5,ZRO,4.9667,52.8,262.24,SELL,21-07-2024 00:00,-19991.9,Open Short,0.0,0x212c3dd70d4ecc05f17c040dd1261a01440015a0a05fec701f2f6b9048a4f7bb,30545901501,True,0.091784,924000000000000.0,1720000000000.0,2024-07-21,1721539800,74,Greed,False,0.0,Positive,Sunday,Low
0x8477e447846c758f5a675856001ea72298fd9cb5,ZRO,4.9666,394.3,1958.33,SELL,21-07-2024 00:00,-20044.7,Open Short,0.0,0x212c3dd70d4ecc05f17c040dd1261a01440015a0a05fec701f2f6b9048a4f7bb,30545901501,True,0.685415,247000000000000.0,1720000000000.0,2024-07-21,1721539800,74,Greed,False,0.0,Positive,Sunday,High
0x8477e447846c758f5a675856001ea72298fd9cb5,ZRO,4.9673,152.9,759.5,SELL,21-07-2024 00:00,-20439.0,Open Short,0.0,0xad47d0feec3837bf8d2e040dd1264901440056912ec5f6334f0466bd22904fcd,30545908645,True,0.265825,1070000000000000.0,1720000000000.0,2024-07-21,1721539800,74,Greed,False,0.0,Positive,Sunday,Medium
0x8477e447846c758f5a675856001ea72298fd9cb5,ZRO,4.9672,294.2,1461.35,SELL,21-07-2024 00:00,-20591.9,Open Short,0.0,0xad47d0feec3837bf8d2e040dd1264901440056912ec5f6334f0466bd22904fcd,30545908645,True,0.511472,885000000000000.0,1720000000000.0,2024-07-21,1721539800,74,Greed,False,0.0,Positive,Sunday,Medium
0x8477e447846c758f5a675856001ea72298fd9cb5,FARTCOIN,1.1267,265.7,299.36,SELL,09-01-2025 00:00,-2689.7,Open Short,0.0,0x26318565941fb421a2ac041afaf69602021a001b497643e5878ff89aed49a17f,61543437148,True,0.104777,929000000000000.0,1740000000000.0,2025-01-09,1736400600,69,Greed,False,0.0,Positive,Thursday,Low
0x8477e447846c758f5a675856001ea72298fd9cb5,FARTCOIN,1.126,177.8,200.2,SELL,09-01-2025 00:00,-2955.4,Open Short,0.0,0x26318565941fb421a2ac041afaf69602021a001b497643e5878ff89aed49a17f,61543437148,True,0.07007,685000000000000.0,1740000000000.0,2025-01-09,1736400600,69,Greed,False,0.0,Positive,Thursday,Low
0x8477e447846c758f5a675856001ea72298fd9cb5,FARTCOIN,1.1246,443.9,499.21,SELL,09-01-2025 00:00,-3133.2,Open Short,0.0,0x918a7287dea63a7d6b36041afaf6c002019600cb9dd90456b7af26d62b167f47,61543449225,True,0.174723,1080000000000000.0,1740000000000.0,2025-01-09,1736400600,69,Greed,False,0.0,Positive,Thursday,Medium
0x8477e447846c758f5a675856001ea72298fd9cb5,BTC,84303.0,0.00583,491.49,BUY,16-04-2025 00:00,-0.00583,Close Short,8.01625,0x6dc69a8dc5a6e8bf637704219bb2e801a90003889d303ebb57c52b05cde6ceb1,86784867777,True,0.17202,147000000000000.0,1740000000000.0,2025-04-16,1744781400,29,Fear,True,0.016310097865673764,Negative,Wednesday,Medium
0x8477e447846c758f5a675856001ea72298fd9cb5,SOL,127.5,3.77,480.68,BUY,16-04-2025 00:00,-3.77,Close Short,18.5861,0xaad4437b24ec14b1ad5e04219bb2fc0201a0007deb8cea9a70c441869ce096c7,86784873797,True,0.168236,328000000000000.0,1740000000000.0,2025-04-16,1744781400,29,Fear,True,0.03866626445868353,Negative,Wednesday,Medium
0x8477e447846c758f5a675856001ea72298fd9cb5,FARTCOIN,0.81988,109.6,89.86,BUY,16-04-2025 00:00,-553.6,Close Short,8.99268,0xb375b5ec01058c5f530304219bb313017b00e65e2de9e4e75b3196349efa5ce6,86784876579,True,0.03145,1000000000000000.0,1740000000000.0,2025-04-16,1744781400,29,Fear,True,0.10007433785889161,Negative,Wednesday,Low
0x8477e447846c758f5a675856001ea72298fd9cb5,FARTCOIN,0.82009,444.0,364.12,BUY,16-04-2025 00:00,-444.0,Close Short,36.33696,0xb375b5ec01058c5f530304219bb313017b00e65e2de9e4e75b3196349efa5ce6,86784876579,True,0.127441,731000000000000.0,1740000000000.0,2025-04-16,1744781400,29,Fear,True,0.09979391409425463,Negative,Wednesday,Medium
0x47add9a56df66b524d5e2c1993a43cde53b6ed85,TRX,0.33398,2293.0,765.82,BUY,05-12-2024 00:00,-7642.0,Close Short,149.563218,0xbcb068c90698c7c5238704186bb5a101e800557d073ea7502ffaefcf0b26d564,52662149372,True,0.257313,243000000000000.0,1730000000000.0,2024-12-05,1733376600,84,Extreme Greed,True,0.19529813533206236,Positive,Thursday,Medium
0x28736f43f1e871e6aa8b1148d38d4994275d72c4,ETH,3142.5,0.125,392.81,SELL,20-11-2024 00:00,3.7825,Close Long,-1.58625,0x691468acfd53dd90cd62041734df8e020115006206d5b99d9cd74b6726736fd7,48562918732,True,0.137484,770000000000000.0,1730000000000.0,2024-11-20,1732080600,83,Extreme Greed,False,-0.00403821185815025,Positive,Wednesday,Medium
0x28736f43f1e871e6aa8b1148d38d4994275d72c4,ETH,3354.6,0.125,419.32,BUY,22-11-2024 00:00,3.0042,Open Long,0.0,0x28faa91a796bf98eefcd04175e7f4e0201570041a8f6735fefcb2374aaf883f7,49085854078,True,0.146763,255000000000000.0,1730000000000.0,2024-11-22,1732253400,94,Extreme Greed,False,0.0,Positive,Friday,Medium
0x28736f43f1e871e6aa8b1148d38d4994275d72c4,kPEPE,0.017603,19986.0,351.81,SELL,27-11-2024 00:00,141480.0,Close Long,-8.933742,0x2cac03958531cd75d5980417c6ab050201f80008de58bd04a2128705d81a6699,50586671351,True,0.123134,560000000000000.0,1730000000000.0,2024-11-27,1732685400,75,Extreme Greed,False,-0.025393655666410848,Positive,Wednesday,Medium
0x28736f43f1e871e6aa8b1148d38d4994275d72c4,kPEPE,0.017601,80606.0,1418.75,SELL,27-11-2024 00:00,121494.0,Close Long,-36.192094,0x2cac03958531cd75d5980417c6ab050201f80008de58bd04a2128705d81a6699,50586671351,True,0.496561,394000000000000.0,1730000000000.0,2024-11-27,1732685400,75,Extreme Greed,False,-0.025509845991189425,Positive,Wednesday,Medium
0x28736f43f1e871e6aa8b1148d38d4994275d72c4,kPEPE,0.017601,40888.0,719.67,SELL,27-11-2024 00:00,40888.0,Close Long,-18.358712,0x2cac03958531cd75d5980417c6ab050201f80008de58bd04a2128705d81a6699,50586671351,True,0.251884,680000000000000.0,1730000000000.0,2024-11-27,1732685400,75,Extreme Greed,False,-0.02550990315005489,Positive,Wednesday,Medium
0x28736f43f1e871e6aa8b1148d38d4994275d72c4,SOL,225.47,5.0,1127.35,BUY,27-11-2024 00:00,60.02,Open Long,0.0,0xc978c663d3d12a279f1b0417c6abff01f900bede006c4d6d9a7602fc9592a969,50586780276,True,0.394572,555000000000000.0,1730000000000.0,2024-11-27,1732685400,75,Extreme Greed,False,0.0,Positive,Wednesday,Medium
0x28736f43f1e871e6aa8b1148d38d4994275d72c4,CHILLGUY,0.51221,97.0,49.68,BUY,29-11-2024 00:00,-200.0,Close Short,0.477531,0x2a6fd92dfb83c46009370417f031f601670049603994a335f2b75519e3bd13e8,51136190201,True,0.017389,369000000000000.0,1730000000000.0,2024-11-29,1732858200,78,Extreme Greed,True,0.00961213768115942,Positive,Friday,Low
0x28736f43f1e871e6aa8b1148d38d4994275d72c4,ATOM,8.1416,2.18,17.75,SELL,29-11-2024 00:00,0.0,Open Short,0.0,0xf178897198dd8fdd884a0417f032b7016d00a17b58131be3b093180917268f21,51136212326,True,0.006212,579000000000000.0,1730000000000.0,2024-11-29,1732858200,78,Extreme Greed,False,0.0,Positive,Friday,Low
0x28736f43f1e871e6aa8b1148d38d4994275d72c4,ATOM,8.1411,28.52,232.18,SELL,29-11-2024 00:00,-2.18,Open Short,0.0,0xf178897198dd8fdd884a0417f032b7016d00a17b58131be3b093180917268f21,51136212326,True,0.081264,898000000000000.0,1730000000000.0,2024-11-29,1732858200,78,Extreme Greed,False,0.0,Positive,Friday,Low
0x28736f43f1e871e6aa8b1148d38d4994275d72c4,@107,5.8954,4.15,24.47,SELL,30-11-2024 00:00,5006.443587,Sell,23.61297,0x0000000000000000000000000000000000000000000000000000000000000000,51335043940,False,0.002446,939000000000000.0,1730000000000.0,2024-11-30,1732944600,84,Extreme Greed,True,0.9649762975071516,Positive,Saturday,Low
0x28736f43f1e871e6aa8b1148d38d4994275d72c4,@107,5.8954,12.98,76.52,SELL,30-11-2024 00:00,5002.293587,Sell,73.854541,0x462043d78574682ced08041803caee02036b00eb054a51e94ae2883b3ab566a3,51335043940,False,0.007652,3660000000000.0,1730000000000.0,2024-11-30,1732944600,84,Extreme Greed,True,0.9651665054887612,Positive,Saturday,Low
0x28736f43f1e871e6aa8b1148d38d4994275d72c4,PURR/USDC,0.52518,95.0,49.89,BUY,16-12-2024 00:00,35335.09335,Buy,0.0,0x9cb7145240b13f0c0a560419503feb016500bd1d59582f2672f22e2ef4dd8306,55615111245,True,0.03324,652000000000000.0,1730000000000.0,2024-12-16,1734327000,83,Extreme Greed,False,0.0,Positive,Monday,Low
0x28736f43f1e871e6aa8b1148d38d4994275d72c4,PURR/USDC,0.52533,95.0,49.91,BUY,16-12-2024 00:00,35430.06011,Buy,0.0,0x9cb7145240b13f0c0a560419503feb016500bd1d59582f2672f22e2ef4dd8306,55615111245,True,0.03324,835000000000000.0,1730000000000.0,2024-12-16,1734327000,83,Extreme Greed,False,0.0,Positive,Monday,Low
0x28736f43f1e871e6aa8b1148d38d4994275d72c4,FARTCOIN,0.90897,110.1,100.08,BUY,02-01-2025 00:00,-338.9,Close Short,10.763376,0xa84cd87bf4d7785544c5041a697a0e014c0050f4145f6df6d2ed44520349bccf,60054413845,True,0.035027,389000000000000.0,1740000000000.0,2025-01-02,1735795800,70,Greed,True,0.10754772182254196,Positive,Thursday,Low
0x28736f43f1e871e6aa8b1148d38d4994275d72c4,BTC,99352.0,0.05,4967.6,SELL,04-02-2025 00:00,0.5,Close Long,17.98,0x4f139d8966fc7a97da18041d12dbab01c100236c20cab2595ca9fceaf62d30c3,69129080229,True,1.73866,494000000000000.0,1740000000000.0,2025-02-04,1738647000,72,Greed,True,0.0036194540623238586,Positive,Tuesday,High
0x28736f43f1e871e6aa8b1148d38d4994275d72c4,PENDLE,2.6876,107.0,287.57,SELL,07-04-2025 00:00,3713.0,Close Long,-18.956548,0xdb4ee99eabeaf1bc23ab04210824560203610006eff31f405ffc9e9c6f6f136b,84303179607,True,0.10065,863000000000000.0,1740000000000.0,2025-04-07,1744003800,23,Extreme Fear,False,-0.06591976909969748,Negative,Monday,Low
0x28736f43f1e871e6aa8b1148d38d4994275d72c4,PENDLE,2.6874,120.0,322.49,SELL,07-04-2025 00:00,3606.0,Close Long,-21.28368,0xdb4ee99eabeaf1bc23ab04210824560203610006eff31f405ffc9e9c6f6f136b,84303179607,True,0.11287,398000000000000.0,1740000000000.0,2025-04-07,1744003800,23,Extreme Fear,False,-0.0659979534249124,Negative,Monday,Low
0x28736f43f1e871e6aa8b1148d38d4994275d72c4,PENDLE,2.6867,95.0,255.24,SELL,07-04-2025 00:00,3486.0,Close Long,-16.91608,0xdb4ee99eabeaf1bc23ab04210824560203610006eff31f405ffc9e9c6f6f136b,84303179607,True,0.089332,461000000000000.0,1740000000000.0,2025-04-07,1744003800,23,Extreme Fear,False,-0.06627519197617929,Negative,Monday,Low
0x28736f43f1e871e6aa8b1148d38d4994275d72c4,PENDLE,2.6865,90.0,241.78,SELL,07-04-2025 00:00,3391.0,Close Long,-16.04376,0xdb4ee99eabeaf1bc23ab04210824560203610006eff31f405ffc9e9c6f6f136b,84303179607,True,0.084624,475000000000000.0,1740000000000.0,2025-04-07,1744003800,23,Extreme Fear,False,-0.06635685333774505,Negative,Monday,Low
0x28736f43f1e871e6aa8b1148d38d4994275d72c4,PENDLE,2.6863,90.0,241.77,SELL,07-04-2025 00:00,3301.0,Close Long,-16.06176,0xdb4ee99eabeaf1bc23ab04210824560203610006eff31f405ffc9e9c6f6f136b,84303179607,True,0.084618,324000000000000.0,1740000000000.0,2025-04-07,1744003800,23,Extreme Fear,False,-0.06643404888944038,Negative,Monday,Low
0x28736f43f1e871e6aa8b1148d38d4994275d72c4,PENDLE,2.6853,210.0,563.91,SELL,07-04-2025 00:00,3211.0,Close Long,-37.68744,0xdb4ee99eabeaf1bc23ab04210824560203610006eff31f405ffc9e9c6f6f136b,84303179607,True,0.197369,285000000000000.0,1740000000000.0,2025-04-07,1744003800,23,Extreme Fear,False,-0.06683236686705327,Negative,Monday,Medium
0x28736f43f1e871e6aa8b1148d38d4994275d72c4,PENDLE,2.6845,199.0,534.22,SELL,07-04-2025 00:00,3001.0,Close Long,-35.872536,0xdb4ee99eabeaf1bc23ab04210824560203610006eff31f405ffc9e9c6f6f136b,84303179607,True,0.186975,197000000000000.0,1740000000000.0,2025-04-07,1744003800,23,Extreme Fear,False,-0.06714936917374863,Negative,Monday,Medium
0xbee1707d6b44d4d52bfe19e41f8a828645437aab,@107,27.762,200.0,5552.4,BUY,17-12-2024 00:00,37100.40033,Buy,0.0,0x5738bb235ab360c1e5a2041964e23501b9000fc51d6970b61177b1a967ea3ad0,55847041409,True,0.05999996,29500000000000.0,1730000000000.0,2024-12-17,1734413400,87,Extreme Greed,False,0.0,Positive,Tuesday,High
0xbee1707d6b44d4d52bfe19e41f8a828645437aab,@107,27.762,0.67,18.6,BUY,17-12-2024 00:00,37300.34033,Buy,0.0,0x5738bb235ab360c1e5a2041964e23501b9000fc51d6970b61177b1a967ea3ad0,55847041409,True,0.00020099,385000000000000.0,1730000000000.0,2024-12-17,1734413400,87,Extreme Greed,False,0.0,Positive,Tuesday,Low
0xbee1707d6b44d4d52bfe19e41f8a828645437aab,@107,27.763,54.56,1514.75,BUY,17-12-2024 00:00,37301.01013,Buy,0.0,0x5738bb235ab360c1e5a2041964e23501b9000fc51d6970b61177b1a967ea3ad0,55847041409,True,0.01636797,967000000000000.0,1730000000000.0,2024-12-17,1734413400,87,Extreme Greed,False,0.0,Positive,Tuesday,Medium
0xbee1707d6b44d4d52bfe19e41f8a828645437aab,@107,27.763,90.53,2513.38,BUY,17-12-2024 00:00,37355.55376,Buy,0.0,0x5738bb235ab360c1e5a2041964e23501b9000fc51d6970b61177b1a967ea3ad0,55847041409,True,0.02715898,905000000000000.0,1730000000000.0,2024-12-17,1734413400,87,Extreme Greed,False,0.0,Positive,Tuesday,High
0xbee1707d6b44d4d52bfe19e41f8a828645437aab,@107,27.763,2.1,58.3,BUY,17-12-2024 00:00,37446.0566,Buy,0.0,0x5738bb235ab360c1e5a2041964e23501b9000fc51d6970b61177b1a967ea3ad0,55847041409,True,0.00062997,1110000000000000.0,1730000000000.0,2024-12-17,1734413400,87,Extreme Greed,False,0.0,Positive,Tuesday,Low
0xbee1707d6b44d4d52bfe19e41f8a828645437aab,@107,27.765,8.58,238.22,BUY,17-12-2024 00:00,37448.15597,Buy,0.0,0x5738bb235ab360c1e5a2041964e23501b9000fc51d6970b61177b1a967ea3ad0,55847041409,True,0.00257399,210000000000000.0,1730000000000.0,2024-12-17,1734413400,87,Extreme Greed,False,0.0,Positive,Tuesday,Low
0xbee1707d6b44d4d52bfe19e41f8a828645437aab,@107,27.765,133.61,3709.68,BUY,17-12-2024 00:00,37456.7334,Buy,0.0,0x5738bb235ab360c1e5a2041964e23501b9000fc51d6970b61177b1a967ea3ad0,55847041409,True,0.04008298,90800000000000.0,1730000000000.0,2024-12-17,1734413400,87,Extreme Greed,False,0.0,Positive,Tuesday,High
0xbee1707d6b44d4d52bfe19e41f8a828645437aab,@107,27.765,22.29,618.88,BUY,17-12-2024 00:00,37590.30331,Buy,0.0,0x5738bb235ab360c1e5a2041964e23501b9000fc51d6970b61177b1a967ea3ad0,55847041409,True,0.00668698,551000000000000.0,1730000000000.0,2024-12-17,1734413400,87,Extreme Greed,False,0.0,Positive,Tuesday,Medium
0xbee1707d6b44d4d52bfe19e41f8a828645437aab,@107,27.766,73.55,2042.19,BUY,17-12-2024 00:00,37612.58663,Buy,0.0,0x5738bb235ab360c1e5a2041964e23501b9000fc51d6970b61177b1a967ea3ad0,55847041409,True,0.02206497,33400000000000.0,1730000000000.0,2024-12-17,1734413400,87,Extreme Greed,False,0.0,Positive,Tuesday,High
0xbee1707d6b44d4d52bfe19e41f8a828645437aab,@107,27.767,200.0,5553.4,BUY,17-12-2024 00:00,37686.11456,Buy,0.0,0x5738bb235ab360c1e5a2041964e23501b9000fc51d6970b61177b1a967ea3ad0,55847041409,True,0.05999996,801000000000000.0,1730000000000.0,2024-12-17,1734413400,87,Extreme Greed,False,0.0,Positive,Tuesday,High
0xbee1707d6b44d4d52bfe19e41f8a828645437aab,@107,27.768,54.56,1515.02,BUY,17-12-2024 00:00,37886.05456,Buy,0.0,0x5738bb235ab360c1e5a2041964e23501b9000fc51d6970b61177b1a967ea3ad0,55847041409,True,0.01636797,291000000000000.0,1730000000000.0,2024-12-17,1734413400,87,Extreme Greed,False,0.0,Positive,Tuesday,Medium
0xbee1707d6b44d4d52bfe19e41f8a828645437aab,@107,27.77,2.89,80.26,BUY,17-12-2024 00:00,37940.59819,Buy,0.0,0x5738bb235ab360c1e5a2041964e23501b9000fc51d6970b61177b1a967ea3ad0,55847041409,True,0.00086697,418000000000000.0,1730000000000.0,2024-12-17,1734413400,87,Extreme Greed,False,0.0,Positive,Tuesday,Low
0xbee1707d6b44d4d52bfe19e41f8a828645437aab,@107,27.77,100.0,2777.0,BUY,17-12-2024 00:00,37943.48733,Buy,0.0,0x5738bb235ab360c1e5a2041964e23501b9000fc51d6970b61177b1a967ea3ad0,55847041409,True,0.02999996,32400000000000.0,1730000000000.0,2024-12-17,1734413400,87,Extreme Greed,False,0.0,Positive,Tuesday,High
0xbee1707d6b44d4d52bfe19e41f8a828645437aab,@107,27.77,5.0,138.85,BUY,17-12-2024 00:00,38043.45733,Buy,0.0,0x5738bb235ab360c1e5a2041964e23501b9000fc51d6970b61177b1a967ea3ad0,55847041409,True,0.00149996,782000000000000.0,1730000000000.0,2024-12-17,1734413400,87,Extreme Greed,False,0.0,Positive,Tuesday,Low
0xbee1707d6b44d4d52bfe19e41f8a828645437aab,@107,27.77,190.54,5291.3,BUY,17-12-2024 00:00,38048.45583,Buy,0.0,0x5738bb235ab360c1e5a2041964e23501b9000fc51d6970b61177b1a967ea3ad0,55847041409,True,0.05716197,1100000000000000.0,1730000000000.0,2024-12-17,1734413400,87,Extreme Greed,False,0.0,Positive,Tuesday,High
0xbee1707d6b44d4d52bfe19e41f8a828645437aab,@107,27.771,200.0,5554.2,BUY,17-12-2024 00:00,38238.93867,Buy,0.0,0x5738bb235ab360c1e5a2041964e23501b9000fc51d6970b61177b1a967ea3ad0,55847041409,True,0.05999996,497000000000000.0,1730000000000.0,2024-12-17,1734413400,87,Extreme Greed,False,0.0,Positive,Tuesday,High
0xbee1707d6b44d4d52bfe19e41f8a828645437aab,@107,27.773,54.56,1515.29,BUY,17-12-2024 00:00,38438.87867,Buy,0.0,0x5738bb235ab360c1e5a2041964e23501b9000fc51d6970b61177b1a967ea3ad0,55847041409,True,0.01636798,1080000000000000.0,1730000000000.0,2024-12-17,1734413400,87,Extreme Greed,False,0.0,Positive,Tuesday,Medium
0xbee1707d6b44d4d52bfe19e41f8a828645437aab,@107,27.773,89.61,2488.74,BUY,17-12-2024 00:00,38493.4223,Buy,0.0,0x5738bb235ab360c1e5a2041964e23501b9000fc51d6970b61177b1a967ea3ad0,55847041409,True,0.02688297,428000000000000.0,1730000000000.0,2024-12-17,1734413400,87,Extreme Greed,False,0.0,Positive,Tuesday,High
0xbee1707d6b44d4d52bfe19e41f8a828645437aab,@107,27.774,38.83,1078.46,BUY,17-12-2024 00:00,38583.00541,Buy,0.0,0x5738bb235ab360c1e5a2041964e23501b9000fc51d6970b61177b1a967ea3ad0,55847041409,True,0.01164898,722000000000000.0,1730000000000.0,2024-12-17,1734413400,87,Extreme Greed,False,0.0,Positive,Tuesday,Medium
0xbee1707d6b44d4d52bfe19e41f8a828645437aab,@107,15.5,866.4,13429.2,BUY,07-03-2025 00:00,3290.248248,Buy,0.0,0xff543544d5fc68f278b8041f08e64502028a008a9b0189a76f25835eaa34c82f,77002877354,False,0.04332,834000000000000.0,1740000000000.0,2025-03-07,1741325400,34,Fear,False,0.0,Negative,Friday,High
0x271b280974205ca63b716753467d5a371de622ab,SOL,138.65,0.25,34.66,SELL,20-04-2025 00:00,-5052.42,Open Short,0.0,0x0000000000000000000000000000000000000000000000000000000000000000,87512508653,False,0.001663,380000000000000.0,1750000000000.0,2025-04-20,1745127000,37,Fear,False,0.0,Negative,Sunday,Low
0x271b280974205ca63b716753467d5a371de622ab,SOL,138.65,0.82,113.69,SELL,20-04-2025 00:00,-5052.67,Open Short,0.0,0x0000000000000000000000000000000000000000000000000000000000000000,87512508653,False,0.005456,849000000000000.0,1750000000000.0,2025-04-20,1745127000,37,Fear,False,0.0,Negative,Sunday,Low
0x271b280974205ca63b716753467d5a371de622ab,SOL,138.65,1.32,183.02,SELL,20-04-2025 00:00,-5053.49,Open Short,0.0,0x652a7277bda015141c900421dc2fef0203d600b3a2f229d67fc409809d6d4f54,87512508653,False,0.008784,88700000000000.0,1750000000000.0,2025-04-20,1745127000,37,Fear,False,0.0,Negative,Sunday,Low
